-- phpMyAdmin SQL Dump
-- version 5.1.0
-- https://www.phpmyadmin.net/
--
-- Host: localhost:3306
-- Generation Time: Aug 23, 2021 at 09:24 AM
-- Server version: 5.7.24
-- PHP Version: 7.4.21

SET SQL_MODE = "NO_AUTO_VALUE_ON_ZERO";
START TRANSACTION;
SET time_zone = "+00:00";


/*!40101 SET @OLD_CHARACTER_SET_CLIENT=@@CHARACTER_SET_CLIENT */;
/*!40101 SET @OLD_CHARACTER_SET_RESULTS=@@CHARACTER_SET_RESULTS */;
/*!40101 SET @OLD_COLLATION_CONNECTION=@@COLLATION_CONNECTION */;
/*!40101 SET NAMES utf8mb4 */;

--
-- Database: `z_learn_chatapp`
--

-- --------------------------------------------------------

--
-- Table structure for table `chat_messages`
--

CREATE TABLE `chat_messages` (
  `id` bigint(20) UNSIGNED NOT NULL,
  `chat_room_id` int(11) NOT NULL,
  `user_id` int(11) NOT NULL,
  `message` mediumtext COLLATE utf8mb4_unicode_ci NOT NULL,
  `created_at` timestamp NULL DEFAULT NULL,
  `updated_at` timestamp NULL DEFAULT NULL
) ENGINE=InnoDB DEFAULT CHARSET=utf8mb4 COLLATE=utf8mb4_unicode_ci;

--
-- Dumping data for table `chat_messages`
--

INSERT INTO `chat_messages` (`id`, `chat_room_id`, `user_id`, `message`, `created_at`, `updated_at`) VALUES
(1, 1, 2, 'hi vish', '2021-08-13 04:00:24', '2021-08-13 04:00:24'),
(2, 1, 2, 'hi vish', '2021-08-13 04:06:56', '2021-08-13 04:06:56'),
(3, 1, 2, 'hi test', '2021-08-13 04:07:19', '2021-08-13 04:07:19'),
(4, 1, 2, 'final', '2021-08-13 04:08:16', '2021-08-13 04:08:16'),
(5, 1, 2, 'hi mes', '2021-08-13 04:12:13', '2021-08-13 04:12:13'),
(6, 1, 1, 'gene', '2021-08-13 04:12:48', '2021-08-13 04:12:48'),
(7, 1, 1, 'hi', '2021-08-23 03:34:11', '2021-08-23 03:34:11'),
(8, 1, 1, 'how are you?', '2021-08-23 03:34:20', '2021-08-23 03:34:20'),
(9, 1, 2, 'i\'m dev', '2021-08-23 03:51:19', '2021-08-23 03:51:19'),
(10, 1, 1, 'i\'m vish', '2021-08-23 03:51:48', '2021-08-23 03:51:48'),
(11, 1, 2, 'hi vish, i\'m dev', '2021-08-23 03:52:11', '2021-08-23 03:52:11');

-- --------------------------------------------------------

--
-- Table structure for table `chat_rooms`
--

CREATE TABLE `chat_rooms` (
  `id` bigint(20) UNSIGNED NOT NULL,
  `name` varchar(255) COLLATE utf8mb4_unicode_ci NOT NULL,
  `created_at` timestamp NULL DEFAULT NULL,
  `updated_at` timestamp NULL DEFAULT NULL
) ENGINE=InnoDB DEFAULT CHARSET=utf8mb4 COLLATE=utf8mb4_unicode_ci;

--
-- Dumping data for table `chat_rooms`
--

INSERT INTO `chat_rooms` (`id`, `name`, `created_at`, `updated_at`) VALUES
(1, 'General', NULL, NULL),
(2, 'Tech Talk', NULL, NULL);

-- --------------------------------------------------------

--
-- Table structure for table `failed_jobs`
--

CREATE TABLE `failed_jobs` (
  `id` bigint(20) UNSIGNED NOT NULL,
  `uuid` varchar(255) COLLATE utf8mb4_unicode_ci NOT NULL,
  `connection` text COLLATE utf8mb4_unicode_ci NOT NULL,
  `queue` text COLLATE utf8mb4_unicode_ci NOT NULL,
  `payload` longtext COLLATE utf8mb4_unicode_ci NOT NULL,
  `exception` longtext COLLATE utf8mb4_unicode_ci NOT NULL,
  `failed_at` timestamp NOT NULL DEFAULT CURRENT_TIMESTAMP
) ENGINE=InnoDB DEFAULT CHARSET=utf8mb4 COLLATE=utf8mb4_unicode_ci;

-- --------------------------------------------------------

--
-- Table structure for table `migrations`
--

CREATE TABLE `migrations` (
  `id` int(10) UNSIGNED NOT NULL,
  `migration` varchar(255) COLLATE utf8mb4_unicode_ci NOT NULL,
  `batch` int(11) NOT NULL
) ENGINE=InnoDB DEFAULT CHARSET=utf8mb4 COLLATE=utf8mb4_unicode_ci;

--
-- Dumping data for table `migrations`
--

INSERT INTO `migrations` (`id`, `migration`, `batch`) VALUES
(1, '2014_10_12_000000_create_users_table', 1),
(2, '2014_10_12_100000_create_password_resets_table', 1),
(3, '2019_08_19_000000_create_failed_jobs_table', 1),
(4, '2019_12_14_000001_create_personal_access_tokens_table', 1),
(5, '2014_10_12_200000_add_two_factor_columns_to_users_table', 2),
(6, '2021_08_11_094731_create_sessions_table', 2),
(7, '2021_08_11_101353_create_chat_rooms_table', 3),
(8, '2021_08_11_101503_create_chat_messages_table', 3);

-- --------------------------------------------------------

--
-- Table structure for table `password_resets`
--

CREATE TABLE `password_resets` (
  `email` varchar(255) COLLATE utf8mb4_unicode_ci NOT NULL,
  `token` varchar(255) COLLATE utf8mb4_unicode_ci NOT NULL,
  `created_at` timestamp NULL DEFAULT NULL
) ENGINE=InnoDB DEFAULT CHARSET=utf8mb4 COLLATE=utf8mb4_unicode_ci;

-- --------------------------------------------------------

--
-- Table structure for table `personal_access_tokens`
--

CREATE TABLE `personal_access_tokens` (
  `id` bigint(20) UNSIGNED NOT NULL,
  `tokenable_type` varchar(255) COLLATE utf8mb4_unicode_ci NOT NULL,
  `tokenable_id` bigint(20) UNSIGNED NOT NULL,
  `name` varchar(255) COLLATE utf8mb4_unicode_ci NOT NULL,
  `token` varchar(64) COLLATE utf8mb4_unicode_ci NOT NULL,
  `abilities` text COLLATE utf8mb4_unicode_ci,
  `last_used_at` timestamp NULL DEFAULT NULL,
  `created_at` timestamp NULL DEFAULT NULL,
  `updated_at` timestamp NULL DEFAULT NULL
) ENGINE=InnoDB DEFAULT CHARSET=utf8mb4 COLLATE=utf8mb4_unicode_ci;

-- --------------------------------------------------------

--
-- Table structure for table `sessions`
--

CREATE TABLE `sessions` (
  `id` varchar(255) COLLATE utf8mb4_unicode_ci NOT NULL,
  `user_id` bigint(20) UNSIGNED DEFAULT NULL,
  `ip_address` varchar(45) COLLATE utf8mb4_unicode_ci DEFAULT NULL,
  `user_agent` text COLLATE utf8mb4_unicode_ci,
  `payload` text COLLATE utf8mb4_unicode_ci NOT NULL,
  `last_activity` int(11) NOT NULL
) ENGINE=InnoDB DEFAULT CHARSET=utf8mb4 COLLATE=utf8mb4_unicode_ci;

--
-- Dumping data for table `sessions`
--

INSERT INTO `sessions` (`id`, `user_id`, `ip_address`, `user_agent`, `payload`, `last_activity`) VALUES
('sZ6zMXWdv864iqp6vUJ9HyUpKCrkqrvdKrGe6Qjo', 1, '127.0.0.1', 'Mozilla/5.0 (Windows NT 10.0; Win64; x64) AppleWebKit/537.36 (KHTML, like Gecko) Chrome/92.0.4515.159 Safari/537.36', 'YTo2OntzOjY6Il90b2tlbiI7czo0MDoiTXZVRFMxdHhYZDJpczZzTHkydGNybEpYR1ptOEJ2YlZFaktnZE5sQiI7czo5OiJfcHJldmlvdXMiO2E6MTp7czozOiJ1cmwiO3M6NDI6Imh0dHA6Ly9sZWFybl9sYXJhdmVsX3Z1ZV9jaGF0X3YyLnRlc3QvY2hhdCI7fXM6NjoiX2ZsYXNoIjthOjI6e3M6Mzoib2xkIjthOjA6e31zOjM6Im5ldyI7YTowOnt9fXM6NTA6ImxvZ2luX3dlYl81OWJhMzZhZGRjMmIyZjk0MDE1ODBmMDE0YzdmNThlYTRlMzA5ODlkIjtpOjE7czoxNzoicGFzc3dvcmRfaGFzaF93ZWIiO3M6NjA6IiQyeSQxMCRzNllYVEJHenE3ZUduamtmNzk2cS5Pb0FIdkZRRnlrZ1I3ZmNtOEUvS3IzNHJEYUNmbHE2ZSI7czoyMToicGFzc3dvcmRfaGFzaF9zYW5jdHVtIjtzOjYwOiIkMnkkMTAkczZZWFRCR3pxN2VHbmprZjc5NnEuT29BSHZGUUZ5a2dSN2ZjbThFL0tyMzRyRGFDZmxxNmUiO30=', 1629710532),
('UGDE7rglcLmKaK5O3kA6YVXyL1IkWgmXnRxfOyRN', 2, '127.0.0.1', 'Mozilla/5.0 (Windows NT 10.0; Win64; x64) AppleWebKit/537.36 (KHTML, like Gecko) Chrome/92.0.4515.159 Safari/537.36', 'YTo3OntzOjY6Il90b2tlbiI7czo0MDoiUnFPYzlIN2o1VERxcThNd0VxbTFCQVB3a1RoRmtOTkJyU0RzRnhRdSI7czozOiJ1cmwiO2E6MDp7fXM6OToiX3ByZXZpb3VzIjthOjE6e3M6MzoidXJsIjtzOjQyOiJodHRwOi8vbGVhcm5fbGFyYXZlbF92dWVfY2hhdF92Mi50ZXN0L2NoYXQiO31zOjY6Il9mbGFzaCI7YToyOntzOjM6Im9sZCI7YTowOnt9czozOiJuZXciO2E6MDp7fX1zOjUwOiJsb2dpbl93ZWJfNTliYTM2YWRkYzJiMmY5NDAxNTgwZjAxNGM3ZjU4ZWE0ZTMwOTg5ZCI7aToyO3M6MTc6InBhc3N3b3JkX2hhc2hfd2ViIjtzOjYwOiIkMnkkMTAkYWJlS2ZUd3VSSkJ4bllqU0MwdHhldVM3T2NRR21tWjJBMDAxNkc0TERFSWY1ZlhkZUtmcUMiO3M6MjE6InBhc3N3b3JkX2hhc2hfc2FuY3R1bSI7czo2MDoiJDJ5JDEwJGFiZUtmVHd1UkpCeG5ZalNDMHR4ZXVTN09jUUdtbVoyQTAwMTZHNExERUlmNWZYZGVLZnFDIjt9', 1629710532);

-- --------------------------------------------------------

--
-- Table structure for table `users`
--

CREATE TABLE `users` (
  `id` bigint(20) UNSIGNED NOT NULL,
  `name` varchar(255) COLLATE utf8mb4_unicode_ci NOT NULL,
  `email` varchar(255) COLLATE utf8mb4_unicode_ci NOT NULL,
  `email_verified_at` timestamp NULL DEFAULT NULL,
  `password` varchar(255) COLLATE utf8mb4_unicode_ci NOT NULL,
  `two_factor_secret` text COLLATE utf8mb4_unicode_ci,
  `two_factor_recovery_codes` text COLLATE utf8mb4_unicode_ci,
  `remember_token` varchar(100) COLLATE utf8mb4_unicode_ci DEFAULT NULL,
  `created_at` timestamp NULL DEFAULT NULL,
  `updated_at` timestamp NULL DEFAULT NULL
) ENGINE=InnoDB DEFAULT CHARSET=utf8mb4 COLLATE=utf8mb4_unicode_ci;

--
-- Dumping data for table `users`
--

INSERT INTO `users` (`id`, `name`, `email`, `email_verified_at`, `password`, `two_factor_secret`, `two_factor_recovery_codes`, `remember_token`, `created_at`, `updated_at`) VALUES
(1, 'vish', 'vish@gmail.com', NULL, '$2y$10$s6YXTBGzq7eGnjkf796q.OoAHvFQFykgR7fcm8E/Kr34rDaCflq6e', NULL, NULL, NULL, '2021-08-11 04:40:20', '2021-08-11 04:40:20'),
(2, 'dev', 'dev@gmail.com', NULL, '$2y$10$abeKfTwuRJBxnYjSC0txeuS7OcQGmmZ2A0016G4LDEIf5fXdeKfqC', NULL, NULL, NULL, '2021-08-12 01:04:04', '2021-08-12 01:04:04');

--
-- Indexes for dumped tables
--

--
-- Indexes for table `chat_messages`
--
ALTER TABLE `chat_messages`
  ADD PRIMARY KEY (`id`);

--
-- Indexes for table `chat_rooms`
--
ALTER TABLE `chat_rooms`
  ADD PRIMARY KEY (`id`);

--
-- Indexes for table `failed_jobs`
--
ALTER TABLE `failed_jobs`
  ADD PRIMARY KEY (`id`),
  ADD UNIQUE KEY `failed_jobs_uuid_unique` (`uuid`);

--
-- Indexes for table `migrations`
--
ALTER TABLE `migrations`
  ADD PRIMARY KEY (`id`);

--
-- Indexes for table `password_resets`
--
ALTER TABLE `password_resets`
  ADD KEY `password_resets_email_index` (`email`);

--
-- Indexes for table `personal_access_tokens`
--
ALTER TABLE `personal_access_tokens`
  ADD PRIMARY KEY (`id`),
  ADD UNIQUE KEY `personal_access_tokens_token_unique` (`token`),
  ADD KEY `personal_access_tokens_tokenable_type_tokenable_id_index` (`tokenable_type`,`tokenable_id`);

--
-- Indexes for table `sessions`
--
ALTER TABLE `sessions`
  ADD PRIMARY KEY (`id`),
  ADD KEY `sessions_user_id_index` (`user_id`),
  ADD KEY `sessions_last_activity_index` (`last_activity`);

--
-- Indexes for table `users`
--
ALTER TABLE `users`
  ADD PRIMARY KEY (`id`),
  ADD UNIQUE KEY `users_email_unique` (`email`);

--
-- AUTO_INCREMENT for dumped tables
--

--
-- AUTO_INCREMENT for table `chat_messages`
--
ALTER TABLE `chat_messages`
  MODIFY `id` bigint(20) UNSIGNED NOT NULL AUTO_INCREMENT, AUTO_INCREMENT=12;

--
-- AUTO_INCREMENT for table `chat_rooms`
--
ALTER TABLE `chat_rooms`
  MODIFY `id` bigint(20) UNSIGNED NOT NULL AUTO_INCREMENT, AUTO_INCREMENT=3;

--
-- AUTO_INCREMENT for table `failed_jobs`
--
ALTER TABLE `failed_jobs`
  MODIFY `id` bigint(20) UNSIGNED NOT NULL AUTO_INCREMENT;

--
-- AUTO_INCREMENT for table `migrations`
--
ALTER TABLE `migrations`
  MODIFY `id` int(10) UNSIGNED NOT NULL AUTO_INCREMENT, AUTO_INCREMENT=9;

--
-- AUTO_INCREMENT for table `personal_access_tokens`
--
ALTER TABLE `personal_access_tokens`
  MODIFY `id` bigint(20) UNSIGNED NOT NULL AUTO_INCREMENT;

--
-- AUTO_INCREMENT for table `users`
--
ALTER TABLE `users`
  MODIFY `id` bigint(20) UNSIGNED NOT NULL AUTO_INCREMENT, AUTO_INCREMENT=3;
COMMIT;

/*!40101 SET CHARACTER_SET_CLIENT=@OLD_CHARACTER_SET_CLIENT */;
/*!40101 SET CHARACTER_SET_RESULTS=@OLD_CHARACTER_SET_RESULTS */;
/*!40101 SET COLLATION_CONNECTION=@OLD_COLLATION_CONNECTION */;
